price,density,cdf
1.3409,0.2258653,0.00915818
1.34223884,0.23168146,0.00946446
1.34357768,0.23758073,0.00977859
1.34491652,0.24356205,0.01010066
1.34625536,0.24962429,0.0104308
1.34759419,0.25576625,0.01076911
1.34893303,0.26198665,0.0111157
1.35027187,0.26828415,0.01147066
1.35161071,0.27465733,0.01183411
1.35294955,0.28110469,0.01220614
1.35428839,0.28762469,0.01258685
1.35562723,0.2942157,0.01297634
1.35696607,0.30087603,0.0133747
1.3583049,0.30760395,0.01378202
1.35964374,0.31439763,0.01419839
1.36098258,0.32125523,0.0146239
1.36232142,0.32817483,0.01505864
1.36366026,0.33515446,0.01550267
1.3649991,0.3421921,0.0159561
1.36633794,0.3492857,0.01641898
1.36767678,0.35643317,0.0168914
1.36901562,0.36363236,0.01737342
1.37035445,0.37088111,0.01786511
1.37169329,0.37817723,0.01836654
1.37303213,0.38551849,0.01887777
1.37437097,0.39290265,0.01939885
1.37570981,0.40032745,0.01992985
1.37704865,0.40779063,0.02047082
1.37838749,0.41528991,0.0210218
1.37972633,0.42282302,0.02158284
1.38106517,0.43038768,0.022154
1.382404,0.43798162,0.0227353
1.38374284,0.4456026,0.02332678
1.38508168,0.45324838,0.02392849
1.38642052,0.46091676,0.02454044
1.38775936,0.46860555,0.02516268
1.3890982,0.47631263,0.02579523
1.39043704,0.48403587,0.0264381
1.39177588,0.49177323,0.02709133
1.39311471,0.4995227,0.02775492
1.39445355,0.50728233,0.02842889
1.39579239,0.51505024,0.02911326
1.39713123,0.52282461,0.02980803
1.39847007,0.53060371,0.03051322
1.39980891,0.53838585,0.03122882
1.40114775,0.54616947,0.03195484
1.40248659,0.55395308,0.03269129
1.40382543,0.56173528,0.03343815
1.40516426,0.56951477,0.03419543
1.4065031,0.57729036,0.03496312
1.40784194,0.58506097,0.03574123
1.40918078,0.59282564,0.03652973
1.41051962,0.60058352,0.03732862
1.41185846,0.60833388,0.03813789
1.4131973,0.61607612,0.03895754
1.41453614,0.62380978,0.03978754
1.41587497,0.63153452,0.04062789
1.41721381,0.63925016,0.04147858
1.41855265,0.64695663,0.0423396
1.41989149,0.65465402,0.04321092
1.42123033,0.66234259,0.04409254
1.42256917,0.67002271,0.04498446
1.42390801,0.67769492,0.04588665
1.42524685,0.68535992,0.0467991
1.42658569,0.69301855,0.04772182
1.42792452,0.70067182,0.04865478
1.42926336,0.70832089,0.04959799
1.4306022,0.71596707,0.05055143
1.43194104,0.72361184,0.05151512
1.43327988,0.73125684,0.05248903
1.43461872,0.73890385,0.05347319
1.43595756,0.74655483,0.05446758
1.4372964,0.75421186,0.05547222
1.43863524,0.7618772,0.05648712
1.43997407,0.76955327,0.05751229
1.44131291,0.7772426,0.05854774
1.44265175,0.78494791,0.0595935
1.44399059,0.79267203,0.06064959
1.44532943,0.80041795,0.06171603
1.44666827,0.80818878,0.06279286
1.44800711,0.81598776,0.06388011
1.44934595,0.82381829,0.06497783
1.45068478,0.83168384,0.06608605
1.45202362,0.83958804,0.06720483
1.45336246,0.8475346,0.06833421
1.4547013,0.85552736,0.06947427
1.45604014,0.86357024,0.07062506
1.45737898,0.87166725,0.07178666
1.45871782,0.8798225,0.07295913
1.46005666,0.88804016,0.07414257
1.4613955,0.89632449,0.07533705
1.46273433,0.90467977,0.07654267
1.46407317,0.91311039,0.07775952
1.46541201,0.92162074,0.07898772
1.46675085,0.93021525,0.08022736
1.46808969,0.9388984,0.08147857
1.46942853,0.94767467,0.08274147
1.47076737,0.95654855,0.08401618
1.47210621,0.96552453,0.08530285
1.47344505,0.97460707,0.0866016
1.47478388,0.98380064,0.08791258
1.47612272,0.99310966,0.08923595
1.47746156,1.0025385,0.09057186
1.4788004,1.01209148,0.09192048
1.48013924,1.02177288,0.09328197
1.48147808,1.03158687,0.09465652
1.48281692,1.04153756,0.09604429
1.48415576,1.05162895,0.09744548
1.48549459,1.06186495,0.09886028
1.48683343,1.07224933,0.10028888
1.48817227,1.08278575,0.10173148
1.48951111,1.09347773,0.1031883
1.49084995,1.10432863,0.10465954
1.49218879,1.11534167,0.10614541
1.49352763,1.12651988,0.10764614
1.49486647,1.13786611,0.10916194
1.49620531,1.14938305,0.11069305
1.49754414,1.16107316,0.11223969
1.49888298,1.1729387,0.11380211
1.50022182,1.18498171,0.11538053
1.50156066,1.19720401,0.11697519
1.5028995,1.20960717,0.11858633
1.50423834,1.22219253,0.12021421
1.50557718,1.23496117,0.12185905
1.50691602,1.2479139,0.12352112
1.50825485,1.26105127,0.12520065
1.50959369,1.27437356,0.12689789
1.51093253,1.28788075,0.12861309
1.51227137,1.30157254,0.1303465
1.51361021,1.31544834,0.13209836
1.51494905,1.32950725,0.13386893
1.51628789,1.34374806,0.13565844
1.51762673,1.35816926,0.13746713
1.51896557,1.37276902,0.13929526
1.5203044,1.38754519,0.14114304
1.52164324,1.40249529,0.14301073
1.52298208,1.41761652,0.14489855
1.52432092,1.43290576,0.14680673
1.52565976,1.44835955,0.14873548
1.5269986,1.46397411,0.15068504
1.52833744,1.47974532,0.15265561
1.52967628,1.49566874,0.15464739
1.53101512,1.51173957,0.15666059
1.53235395,1.52795272,0.1586954
1.53369279,1.54430275,0.16075202
1.53503163,1.5607839,0.16283061
1.53637047,1.57739008,0.16493135
1.53770931,1.59411488,0.1670544
1.53904815,1.6109516,0.16919992
1.54038699,1.62789319,0.17136806
1.54172583,1.64493232,0.17355894
1.54306466,1.66206135,0.1757727
1.5444035,1.67927235,0.17800944
1.54574234,1.6965571,0.18026928
1.54708118,1.7139071,0.1825523
1.54842002,1.73131358,0.1848586
1.54975886,1.7487675,0.18718822
1.5510977,1.76625957,0.18954125
1.55243654,1.78378025,0.19191771
1.55377538,1.80131976,0.19431765
1.55511421,1.81886812,0.19674107
1.55645305,1.83641509,0.19918799
1.55779189,1.85395026,0.20165839
1.55913073,1.87146301,0.20415226
1.56046957,1.88894257,0.20666955
1.56180841,1.90637796,0.20921022
1.56314725,1.92375806,0.21177419
1.56448609,1.94107163,0.21436139
1.56582492,1.95830727,0.21697172
1.56716376,1.97545347,0.21960507
1.5685026,1.99249865,0.2222613
1.56984144,2.0094311,0.22494029
1.57118028,2.02623907,0.22764186
1.57251912,2.04291072,0.23036584
1.57385796,2.05943421,0.23311205
1.5751968,2.07579763,0.23588027
1.57653564,2.09198909,0.23867029
1.57787447,2.10799667,0.24148186
1.57921331,2.1238085,0.24431474
1.58055215,2.13941273,0.24716864
1.58189099,2.15479754,0.2500433
1.58322983,2.1699512,0.25293839
1.58456867,2.18486205,0.25585362
1.58590751,2.19951851,0.25878864
1.58724635,2.21390914,0.2617431
1.58858519,2.2280226,0.26471665
1.58992402,2.24184768,0.2677089
1.59126286,2.25537335,0.27071946
1.5926017,2.26858874,0.27374792
1.59394054,2.28148314,0.27679387
1.59527938,2.29404607,0.27985685
1.59661822,2.30626723,0.28293643
1.59795706,2.31813657,0.28603213
1.5992959,2.32964425,0.28914349
1.60063473,2.3407807,0.29227001
1.60197357,2.35153659,0.29541118
1.60331241,2.36190289,0.29856649
1.60465125,2.37187082,0.30173541
1.60599009,2.38143193,0.30491741
1.60732893,2.39057805,0.30811194
1.60866777,2.39930135,0.31131842
1.61000661,2.40759429,0.3145363
1.61134545,2.4154497,0.31776499
1.61268428,2.42286074,0.3210039
1.61402312,2.42982092,0.32425243
1.61536196,2.43632411,0.32750997
1.6167008,2.44236454,0.33077591
1.61803964,2.44793683,0.33404963
1.61937848,2.45303595,0.33733049
1.62071732,2.45765727,0.34061785
1.62205616,2.46179656,0.34391108
1.62339499,2.46544996,0.34720953
1.62473383,2.46861401,0.35051255
1.62607267,2.47128566,0.35381947
1.62741151,2.47346224,0.35712963
1.62875035,2.47514151,0.36044238
1.63008919,2.4763216,0.36375704
1.63142803,2.47700106,0.36707295
1.63276687,2.47717886,0.37038943
1.63410571,2.47685434,0.37370581
1.63544454,2.47602726,0.37702142
1.63678338,2.47469779,0.38033559
1.63812222,2.47286646,0.38364764
1.63946106,2.47053423,0.3869569
1.6407999,2.46770244,0.39026271
1.64213874,2.46437281,0.39356439
1.64347758,2.46054745,0.39686129
1.64481642,2.45622885,0.40015273
1.64615526,2.45141984,0.40343806
1.64749409,2.44612367,0.40671662
1.64883293,2.4403439,0.40998777
1.65017177,2.43408447,0.41325086
1.65151061,2.42734966,0.41650525
1.65284945,2.42014408,0.41975031
1.65418829,2.41247267,0.42298541
1.65552713,2.4043407,0.42620993
1.65686597,2.39575375,0.42942326
1.6582048,2.3867177,0.43262479
1.65954364,2.37723872,0.43581392
1.66088248,2.36732329,0.43899007
1.66222132,2.35697812,0.44215266
1.66356016,2.34621023,0.44530111
1.664899,2.33502687,0.44843487
1.66623784,2.32343555,0.45155338
1.66757668,2.31144399,0.4546561
1.66891552,2.29906016,0.4577425
1.67025435,2.28629222,0.46081207
1.67159319,2.27314857,0.46386429
1.67293203,2.25963775,0.46689866
1.67427087,2.24576852,0.46991471
1.67560971,2.23154979,0.47291195
1.67694855,2.21699064,0.47588993
1.67828739,2.20210029,0.47884819
1.67962623,2.1868881,0.4817863
1.68096507,2.17136357,0.48470383
1.6823039,2.15553628,0.48760038
1.68364274,2.13941596,0.49047553
1.68498158,2.12301239,0.49332892
1.68632042,2.10633547,0.49616015
1.68765926,2.08939516,0.49896889
1.6889981,2.07220148,0.50175477
1.69033694,2.05476452,0.50451747
1.69167578,2.03709439,0.50725666
1.69301461,2.01920126,0.50997205
1.69435345,2.0010953,0.51266334
1.69569229,1.98278673,0.51533025
1.69703113,1.96428574,0.51797251
1.69836997,1.94560256,0.52058989
1.69970881,1.92674737,0.52318213
1.70104765,1.90773037,0.52574903
1.70238649,1.88856171,0.52829035
1.70372533,1.86925151,0.53080592
1.70506416,1.84980987,0.53329555
1.706403,1.83024682,0.53575906
1.70774184,1.81057236,0.53819631
1.70908068,1.7907964,0.54060715
1.71041952,1.77092882,0.54299144
1.71175836,1.7509794,0.54534909
1.7130972,1.73095785,0.54767997
1.71443604,1.71087381,0.54998401
1.71577487,1.69073681,0.55226112
1.71711371,1.67055632,0.55451123
1.71845255,1.65034169,0.55673431
1.71979139,1.63010217,0.55893031
1.72113023,1.6098469,0.56109919
1.72246907,1.58958494,0.56324095
1.72380791,1.5693252,0.56535559
1.72514675,1.54907651,0.56744311
1.72648559,1.52884756,0.56950353
1.72782442,1.50864693,0.57153688
1.72916326,1.48848306,0.57354321
1.7305021,1.4683643,0.57552258
1.73184094,1.44829883,0.57747504
1.73317978,1.42829473,0.57940068
1.73451862,1.40835993,0.58129959
1.73585746,1.38850226,0.58317185
1.7371963,1.36872938,0.58501759
1.73853514,1.34904884,0.58683691
1.73987397,1.32946804,0.58862995
1.74121281,1.30999425,0.59039684
1.74255165,1.29063461,0.59213774
1.74389049,1.2713961,0.5938528
1.74522933,1.25228559,0.59554219
1.74656817,1.23330981,0.59720608
1.74790701,1.21447533,0.59884466
1.74924585,1.19578859,0.60045812
1.75058468,1.17725591,0.60204666
1.75192352,1.15888346,0.6036105
1.75326236,1.14067726,0.60514985
1.7546012,1.12264322,0.60666494
1.75594004,1.10478708,0.60815601
1.75727888,1.08711448,0.60962329
1.75861772,1.06963089,0.61106704
1.75995656,1.05234167,0.6124875
1.7612954,1.03525203,0.61388496
1.76263423,1.01836705,0.61525967
1.76397307,1.00169168,0.61661191
1.76531191,0.98523072,0.61794197
1.76665075,0.96898886,0.61925014
1.76798959,0.95297063,0.62053671
1.76932843,0.93718047,0.62180199
1.77066727,0.92162264,0.62304628
1.77200611,0.90630129,0.6242699
1.77334494,0.89122045,0.62547317
1.77468378,0.87638401,0.62665641
1.77602262,0.86179572,0.62781995
1.77736146,0.8474592,0.62896413
1.7787003,0.83337797,0.63008929
1.78003914,0.81955539,0.63119577
1.78137798,0.8059947,0.63228391
1.78271682,0.79269901,0.63335408
1.78405566,0.7796713,0.63440662
1.78539449,0.76691443,0.63544191
1.78673333,0.75443112,0.6364603
1.78807217,0.74222396,0.63746216
1.78941101,0.73029543,0.63844786
1.79074985,0.71864786,0.63941778
1.79208869,0.70728346,0.64037229
1.79342753,0.69620431,0.64131178
1.79476637,0.68541235,0.64223663
1.79610521,0.67490941,0.64314722
1.79744404,0.66469716,0.64404395
1.79878288,0.65477717,0.6449272
1.80012172,0.64515086,0.64579736
1.80146056,0.63581953,0.64665484
1.8027994,0.62678433,0.64750001
1.80413824,0.61804629,0.6483333
1.80547708,0.60960631,0.64915508
1.80681592,0.60146513,0.64996576
1.80815475,0.59362339,0.65076574
1.80949359,0.58608158,0.65155542
1.81083243,0.57884003,0.65233521
1.81217127,0.57189898,0.6531055
1.81351011,0.56525849,0.65386671
1.81484895,0.5589185,0.65461922
1.81618779,0.55287881,0.65536344
1.81752663,0.54713907,0.65609978
1.81886547,0.54169882,0.65682864
1.8202043,0.53655741,0.65755041
1.82154314,0.53171409,0.6582655
1.82288198,0.52716795,0.6589743
1.82422082,0.52291794,0.65967722
1.82555966,0.51896285,0.66037464
1.8268985,0.51530136,0.66106697
1.82823734,0.51193198,0.66175458
1.82957618,0.50885307,0.66243788
1.83091502,0.50606287,0.66311726
1.83225385,0.50355946,0.66379308
1.83359269,0.50134076,0.66446575
1.83493153,0.49940457,0.66513564
1.83627037,0.49774853,0.66580312
1.83760921,0.49637013,0.66646857
1.83894805,0.49526673,0.66713236
1.84028689,0.49443553,0.66779486
1.84162573,0.49387359,0.66845642
1.84296456,0.49357782,0.66911741
1.8443034,0.493545,0.66977818
1.84564224,0.49377176,0.67043908
1.84698108,0.49425457,0.67110046
1.84831992,0.49498978,0.67176265
1.84965876,0.49597359,0.67242599
1.8509976,0.49720206,0.67309082
1.85233644,0.49867112,0.67375745
1.85367528,0.50037656,0.6744262
1.85501411,0.50231402,0.6750974
1.85635295,0.50447904,0.67577134
1.85769179,0.50686699,0.67644833
1.85903063,0.50947313,0.67712866
1.86036947,0.5122926,0.67781263
1.86170831,0.5153204,0.67850051
1.86304715,0.51855141,0.67919258
1.86438599,0.52198042,0.67988911
1.86572482,0.52560205,0.68059036
1.86706366,0.52941085,0.68129659
1.8684025,0.53340125,0.68200804
1.86974134,0.53756756,0.68272494
1.87108018,0.541904,0.68344754
1.87241902,0.54640468,0.68417606
1.87375786,0.55106362,0.68491071
1.8750967,0.55587476,0.6856517
1.87643554,0.56083194,0.68639923
1.87777437,0.5659289,0.68715349
1.87911321,0.57115933,0.68791466
1.88045205,0.57651684,0.68868293
1.88179089,0.58199495,0.68945844
1.88312973,0.58758714,0.69024137
1.88446857,0.59328682,0.69103186
1.88580741,0.59908735,0.69183005
1.88714625,0.60498202,0.69263607
1.88848509,0.61096411,0.69345003
1.88982392,0.61702684,0.69427207
1.89116276,0.62316339,0.69510227
1.8925016,0.62936694,0.69594073
1.89384044,0.63563062,0.69678754
1.89517928,0.64194756,0.69764277
1.89651812,0.64831087,0.69850648
1.89785696,0.65471368,0.69937875
1.8991958,0.66114909,0.70025961
1.90053463,0.66761022,0.70114911
1.90187347,0.67409022,0.70204726
1.90321231,0.68058223,0.70295411
1.90455115,0.68707945,0.70386965
1.90588999,0.69357508,0.70479388
1.90722883,0.70006239,0.70572681
1.90856767,0.70653466,0.70666842
1.90990651,0.71298525,0.70761868
1.91124535,0.71940757,0.70857755
1.91258418,0.72579507,0.709545
1.91392302,0.73214131,0.71052098
1.91526186,0.73843988,0.71150542
1.9166007,0.74468448,0.71249826
1.91793954,0.75086889,0.71349942
1.91927838,0.75698698,0.71450881
1.92061722,0.7630327,0.71552635
1.92195606,0.76900013,0.71655193
1.92329489,0.77488345,0.71758545
1.92463373,0.78067693,0.71862678
1.92597257,0.78637499,0.71967581
1.92731141,0.79197216,0.7207324
1.92865025,0.79746308,0.72179641
1.92998909,0.80284255,0.7228677
1.93132793,0.80810549,0.72394611
1.93266677,0.81324695,0.72503149
1.93400561,0.81826216,0.72612367
1.93534444,0.82314646,0.72722247
1.93668328,0.82789536,0.72832773
1.93802212,0.83250453,0.72943925
1.93936096,0.83696979,0.73055684
1.9406998,0.84128711,0.73168031
1.94203864,0.84545264,0.73280947
1.94337748,0.84946271,0.7339441
1.94471632,0.85331378,0.73508398
1.94605516,0.85700252,0.73622892
1.94739399,0.86052575,0.73737869
1.94873283,0.86388048,0.73853306
1.95007167,0.86706387,0.7396918
1.95141051,0.8700733,0.7408547
1.95274935,0.8729063,0.7420215
1.95408819,0.87556057,0.74319198
1.95542703,0.87803402,0.74436589
1.95676587,0.88032472,0.74554299
1.9581047,0.88243093,0.74672303
1.95944354,0.88435109,0.74790577
1.96078238,0.88608382,0.74909096
1.96212122,0.88762791,0.75027834
1.96346006,0.88898235,0.75146765
1.9647989,0.8901463,0.75265866
1.96613774,0.89111908,0.75385109
1.96747658,0.89190021,0.7550447
1.96881542,0.89248939,0.75623923
1.97015425,0.89288646,0.75743442
1.97149309,0.89309146,0.75863001
1.97283193,0.8931046,0.75982574
1.97417077,0.89292625,0.76102137
1.97550961,0.89255695,0.76221662
1.97684845,0.89199738,0.76341126
1.97818729,0.89124842,0.76460502
1.97952613,0.89031109,0.76579765
1.98086496,0.88918656,0.7669889
1.9822038,0.88787615,0.76817852
1.98354264,0.88638135,0.76936627
1.98488148,0.88470377,0.77055189
1.98622032,0.88284519,0.77173514
1.98755916,0.88080751,0.77291578
1.988898,0.87859277,0.77409358
1.99023684,0.87620316,0.77526829
1.99157568,0.87364098,0.77643969
1.99291451,0.87090865,0.77760755
1.99425335,0.86800874,0.77877163
1.99559219,0.86494392,0.77993172
1.99693103,0.86171698,0.7810876
1.99826987,0.85833081,0.78223905
1.99960871,0.85478843,0.78338586
2.00094755,0.85109294,0.78452783
2.00228639,0.84724755,0.78566475
2.00362523,0.84325557,0.78679642
2.00496406,0.8391204,0.78792265
2.0063029,0.83484552,0.78904325
2.00764174,0.8304345,0.79015804
2.00898058,0.82589098,0.79126683
2.01031942,0.82121869,0.79236945
2.01165826,0.81642143,0.79346573
2.0129971,0.81150306,0.79455551
2.01433594,0.8064675,0.79563862
2.01567477,0.80131875,0.79671492
2.01701361,0.79606085,0.79778425
2.01835245,0.79069789,0.79884646
2.01969129,0.78523402,0.79990143
2.02103013,0.77967342,0.80094902
2.02236897,0.77402034,0.80198911
2.02370781,0.76827902,0.80302156
2.02504665,0.76245378,0.80404627
2.02638549,0.75654893,0.80506313
2.02772432,0.75056885,0.80607203
2.02906316,0.7445179,0.80707288
2.030402,0.73840047,0.80806558
2.03174084,0.73222098,0.80905005
2.03307968,0.72598386,0.81002621
2.03441852,0.71969352,0.81099398
2.03575736,0.71335441,0.8119533
2.0370962,0.70697096,0.81290409
2.03843504,0.7005476,0.81384632
2.03977387,0.69408876,0.81477992
2.04111271,0.68759885,0.81570485
2.04245155,0.68108229,0.81662107
2.04379039,0.67454346,0.81752856
2.04512923,0.66798674,0.81842728
2.04646807,0.66141646,0.81931721
2.04780691,0.65483697,0.82019833
2.04914575,0.64825256,0.82107065
2.05048458,0.64166748,0.82193414
2.05182342,0.63508599,0.82278883
2.05316226,0.62851226,0.8236347
2.0545011,0.62195047,0.82447179
2.05583994,0.61540471,0.82530009
2.05717878,0.60887907,0.82611965
2.05851762,0.60237757,0.82693049
2.05985646,0.59590417,0.82773264
2.0611953,0.58946279,0.82852614
2.06253413,0.58305731,0.82931104
2.06387297,0.57669152,0.8300874
2.06521181,0.57036917,0.83085526
2.06655065,0.56409394,0.83161468
2.06788949,0.55786946,0.83236574
2.06922833,0.55169926,0.8331085
2.07056717,0.54558685,0.83384304
2.07190601,0.53953561,0.83456943
2.07324484,0.5335489,0.83528777
2.07458368,0.52762998,0.83599814
2.07592252,0.52178202,0.83670062
2.07726136,0.51600813,0.83739533
2.0786002,0.51031134,0.83808236
2.07993904,0.50469459,0.83876182
2.08127788,0.49916074,0.83943381
2.08261672,0.49371255,0.84009845
2.08395556,0.48835271,0.84075585
2.08529439,0.48308381,0.84140614
2.08663323,0.47790836,0.84204944
2.08797207,0.47282876,0.84268587
2.08931091,0.46784735,0.84331556
2.09064975,0.46296634,0.84393866
2.09198859,0.45818786,0.84455528
2.09332743,0.45351395,0.84516558
2.09466627,0.44894655,0.84576969
2.09600511,0.44448748,0.84636776
2.09734394,0.44013849,0.84695994
2.09868278,0.43590123,0.84754636
2.10002162,0.43177723,0.84812719
2.10136046,0.42776792,0.84870258
2.1026993,0.42387466,0.84927267
2.10403814,0.42009867,0.84983763
2.10537698,0.41644108,0.85039761
2.10671582,0.41290294,0.85095278
2.10805465,0.40948517,0.85150328
2.10939349,0.4061886,0.8520493
2.11073233,0.40301395,0.85259098
2.11207117,0.39996184,0.8531285
2.11341001,0.3970328,0.853662
2.11474885,0.39422725,0.85419168
2.11608769,0.3915455,0.85471767
2.11742653,0.38898777,0.85524016
2.11876537,0.38655417,0.85575931
2.1201042,0.38424472,0.85627529
2.12144304,0.38205933,0.85678825
2.12278188,0.37999782,0.85729837
2.12412072,0.37805991,0.85780582
2.12545956,0.37624521,0.85831075
2.1267984,0.37455325,0.85881334
2.12813724,0.37298347,0.85931374
2.12947608,0.37153518,0.85981212
2.13081491,0.37020764,0.86030864
2.13215375,0.36899999,0.86080347
2.13349259,0.3679113,0.86129676
2.13483143,0.36694051,0.86178867
2.13617027,0.36608653,0.86227936
2.13750911,0.36534814,0.86276898
2.13884795,0.36472404,0.8632577
2.14018679,0.36421286,0.86374565
2.14152563,0.36381314,0.86423299
2.14286446,0.36352335,0.86471987
2.1442033,0.36334186,0.86520644
2.14554214,0.36326697,0.86569283
2.14688098,0.36329693,0.8661792
2.14821982,0.36342989,0.86666567
2.14955866,0.36366392,0.86715239
2.1508975,0.36399705,0.86763949
2.15223634,0.36442723,0.8681271
2.15357518,0.36495234,0.86861535
2.15491401,0.36557019,0.86910437
2.15625285,0.36627856,0.86959427
2.15759169,0.36707513,0.87008518
2.15893053,0.36795756,0.87057722
2.16026937,0.36892343,0.87107049
2.16160821,0.36997029,0.87156511
2.16294705,0.37109562,0.87206119
2.16428589,0.37229686,0.87255882
2.16562472,0.37357141,0.87305811
2.16696356,0.37491662,0.87355915
2.1683024,0.37632982,0.87406205
2.16964124,0.37780827,0.87456687
2.17098008,0.37934923,0.87507372
2.17231892,0.3809499,0.87558268
2.17365776,0.38260746,0.87609381
2.1749966,0.38431907,0.8766072
2.17633544,0.38608186,0.87712291
2.17767427,0.38789293,0.87764102
2.17901311,0.38974938,0.87816159
2.18035195,0.39164828,0.87868467
2.18169079,0.39358669,0.87921031
2.18302963,0.39556164,0.87973858
2.18436847,0.39757019,0.88026951
2.18570731,0.39960937,0.88080316
2.18704615,0.4016762,0.88133955
2.18838498,0.40376771,0.88187873
2.18972382,0.40588094,0.88242072
2.19106266,0.40801291,0.88296556
2.1924015,0.41016067,0.88351326
2.19374034,0.41232127,0.88406384
2.19507918,0.41449178,0.88461732
2.19641802,0.41666926,0.88517372
2.19775686,0.41885083,0.88573303
2.1990957,0.42103358,0.88629527
2.20043453,0.42321467,0.88686042
2.20177337,0.42539125,0.8874285
2.20311221,0.4275605,0.88799948
2.20445105,0.42971966,0.88857336
2.20578989,0.43186596,0.88915012
2.20712873,0.43399669,0.88972975
2.20846757,0.43610917,0.89031222
2.20980641,0.43820076,0.8908975
2.21114525,0.44026886,0.89148557
2.21248408,0.4423109,0.89207639
2.21382292,0.44432438,0.89266992
2.21516176,0.44630682,0.89326613
2.2165006,0.4482558,0.89386497
2.21783944,0.45016895,0.8944664
2.21917828,0.45204397,0.89507036
2.22051712,0.45387858,0.89567681
2.22185596,0.45567057,0.89628569
2.22319479,0.45741779,0.89689693
2.22453363,0.45911816,0.89751048
2.22587247,0.46076964,0.89812628
2.22721131,0.46237025,0.89874425
2.22855015,0.4639181,0.89936433
2.22988899,0.46541134,0.89998645
2.23122783,0.46684818,0.90061053
2.23256667,0.46822692,0.90123649
2.23390551,0.46954592,0.90186426
2.23524434,0.47080359,0.90249376
2.23658318,0.47199844,0.9031249
2.23792202,0.47312902,0.90375759
2.23926086,0.47419397,0.90439175
2.2405997,0.475192,0.9050273
2.24193854,0.47612188,0.90566413
2.24327738,0.47698247,0.90630217
2.24461622,0.47777268,0.90694131
2.24595506,0.47849153,0.90758146
2.24729389,0.47913808,0.90822252
2.24863273,0.47971148,0.9088644
2.24997157,0.48021094,0.909507
2.25131041,0.48063577,0.91015022
2.25264925,0.48098533,0.91079396
2.25398809,0.48125906,0.91143811
2.25532693,0.48145647,0.91208258
2.25666577,0.48157717,0.91272726
2.2580046,0.48162082,0.91337205
2.25934344,0.48158714,0.91401685
2.26068228,0.48147595,0.91466155
2.26202112,0.48128714,0.91530605
2.26335996,0.48102065,0.91595025
2.2646988,0.48067652,0.91659404
2.26603764,0.48025482,0.91723731
2.26737648,0.47975574,0.91787997
2.26871532,0.4791795,0.91852191
2.27005415,0.47852639,0.91916302
2.27139299,0.4777968,0.91980321
2.27273183,0.47699115,0.92044238
2.27407067,0.47610994,0.92108041
2.27540951,0.47515373,0.92171721
2.27674835,0.47412315,0.92235268
2.27808719,0.47301887,0.92298673
2.27942603,0.47184166,0.92361924
2.28076486,0.4705923,0.92425014
2.2821037,0.46927167,0.92487931
2.28344254,0.46788067,0.92550666
2.28478138,0.46642029,0.92613211
2.28612022,0.46489155,0.92675556
2.28745906,0.46329553,0.92737691
2.2887979,0.46163335,0.92799608
2.29013674,0.45990619,0.92861299
2.29147558,0.45811527,0.92922753
2.29281441,0.45626186,0.92983964
2.29415325,0.45434728,0.93044923
2.29549209,0.45237288,0.93105621
2.29683093,0.45034004,0.93166051
2.29816977,0.44825022,0.93226205
2.29950861,0.44610487,0.93286076
2.30084745,0.44390549,0.93345655
2.30218629,0.44165364,0.93404937
2.30352513,0.43935087,0.93463914
2.30486396,0.43699878,0.93522579
2.3062028,0.43459901,0.93580926
2.30754164,0.4321532,0.93638948
2.30888048,0.42966303,0.9369664
2.31021932,0.42713019,0.93753996
2.31155816,0.42455642,0.9381101
2.312897,0.42194343,0.93867677
2.31423584,0.41929299,0.93923991
2.31557467,0.41660686,0.93979949
2.31691351,0.41388682,0.94035544
2.31825235,0.41113466,0.94090773
2.31959119,0.40835218,0.94145631
2.32093003,0.40554119,0.94200115
2.32226887,0.4027035,0.94254221
2.32360771,0.39984091,0.94307945
2.32494655,0.39695525,0.94361284
2.32628539,0.39404833,0.94414236
2.32762422,0.39112196,0.94466797
2.32896306,0.38817794,0.94518965
2.3303019,0.38521808,0.94570738
2.33164074,0.38224417,0.94622113
2.33297958,0.379258,0.9467309
2.33431842,0.37626133,0.94723666
2.33565726,0.37325591,0.9477384
2.3369961,0.3702435,0.94823611
2.33833493,0.36722582,0.94872979
2.33967377,0.36420457,0.94921942
2.34101261,0.36118145,0.94970501
2.34235145,0.35815811,0.95018655
2.34369029,0.35513619,0.95066404
2.34502913,0.35211732,0.95113749
2.34636797,0.34910308,0.9516069
2.34770681,0.34609504,0.95207228
2.34904565,0.34309472,0.95253364
2.35038448,0.34010363,0.95299098
2.35172332,0.33712323,0.95344433
2.35306216,0.33415497,0.9538937
2.354401,0.33120024,0.9543391
2.35573984,0.3282604,0.95478055
2.35707868,0.32533678,0.95521808
2.35841752,0.32243068,0.9556517
2.35975636,0.31954333,0.95608145
2.3610952,0.31667595,0.95650735
2.36243403,0.31382971,0.95692942
2.36377287,0.31100572,0.95734769
2.36511171,0.30820507,0.9577622
2.36645055,0.30542879,0.95817298
2.36778939,0.30267787,0.95858005
2.36912823,0.29995326,0.95898346
2.37046707,0.29725585,0.95938324
2.37180591,0.29458651,0.95977943
2.37314474,0.29194602,0.96017206
2.37448358,0.28933514,0.96056118
2.37582242,0.28675459,0.96094682
2.37716126,0.28420501,0.96132903
2.3785001,0.28168702,0.96170785
2.37983894,0.27920118,0.96208331
2.38117778,0.27674798,0.96245547
2.38251662,0.2743279,0.96282437
2.38385546,0.27194134,0.96319005
2.38519429,0.26958866,0.96355256
2.38653313,0.26727017,0.96391194
2.38787197,0.26498613,0.96426823
2.38921081,0.26273674,0.9646215
2.39054965,0.26052218,0.96497177
2.39188849,0.25834254,0.96531911
2.39322733,0.25619791,0.96566355
2.39456617,0.25408828,0.96600514
2.39590501,0.25201363,0.96634393
2.39724384,0.24997389,0.96667997
2.39858268,0.24796892,0.9670133
2.39992152,0.24599856,0.96734396
2.40126036,0.24406258,0.96767202
2.4025992,0.24216074,0.9679975
2.40393804,0.24029273,0.96832046
2.40527688,0.23845821,0.96864094
2.40661572,0.23665678,0.96895899
2.40795455,0.23488804,0.96927465
2.40929339,0.2331515,0.96958796
2.41063223,0.23144668,0.96989896
2.41197107,0.22977302,0.97020771
2.41330991,0.22812997,0.97051424
2.41464875,0.22651691,0.97081858
2.41598759,0.2249332,0.97112079
2.41732643,0.22337816,0.97142089
2.41866527,0.22185111,0.97171894
2.4200041,0.22035131,0.97201495
2.42134294,0.218878,0.97230898
2.42268178,0.2174304,0.97260105
2.42402062,0.21600771,0.9728912
2.42535946,0.21460909,0.97317946
2.4266983,0.2132337,0.97346586
2.42803714,0.21188068,0.97375044
2.42937598,0.21054913,0.97403322
2.43071481,0.20923816,0.97431423
2.43205365,0.20794685,0.9745935
2.43339249,0.20667428,0.97487105
2.43473133,0.20541951,0.97514692
2.43607017,0.20418159,0.97542111
2.43740901,0.20295957,0.97569365
2.43874785,0.2017525,0.97596458
2.44008669,0.2005594,0.97623389
2.44142553,0.19937932,0.97650161
2.44276436,0.1982113,0.97676777
2.4441032,0.19705436,0.97703237
2.44544204,0.19590755,0.97729542
2.44678088,0.19476992,0.97755695
2.44811972,0.19364052,0.97781696
2.44945856,0.1925184,0.97807546
2.4507974,0.19140263,0.97833246
2.45213624,0.19029231,0.97858797
2.45347508,0.18918651,0.978842
2.45481391,0.18808435,0.97909456
2.45615275,0.18698495,0.97934563
2.45749159,0.18588745,0.97959524
2.45883043,0.184791,0.97984338
2.46016927,0.1836948,0.98009005
2.46150811,0.18259804,0.98033526
2.46284695,0.18149993,0.98057899
2.46418579,0.18039973,0.98082125
2.46552462,0.17929671,0.98106204
2.46686346,0.17819016,0.98130135
2.4682023,0.17707941,0.98153918
2.46954114,0.1759638,0.98177551
2.47087998,0.17484273,0.98201035
2.47221882,0.17371559,0.98224368
2.47355766,0.17258184,0.9824755
2.4748965,0.17144093,0.9827058
2.47623534,0.17029238,0.98293456
2.47757417,0.16913572,0.98316178
2.47891301,0.16797052,0.98338745
2.48025185,0.16679638,0.98361155
2.48159069,0.16561294,0.98383407
2.48292953,0.16441987,0.984055
2.48426837,0.16321687,0.98427433
2.48560721,0.16200369,0.98449204
2.48694605,0.1607801,0.98470812
2.48828488,0.15954591,0.98492255
2.48962372,0.15830097,0.98513533
2.49096256,0.15704515,0.98534643
2.4923014,0.15577837,0.98555584
2.49364024,0.15450057,0.98576354
2.49497908,0.15321175,0.98596953
2.49631792,0.15191191,0.98617379
2.49765676,0.15060111,0.9863763
2.4989956,0.14927943,0.98657705
2.50033443,0.14794699,0.98677602
2.50167327,0.14660394,0.9869732
2.50301211,0.14525045,0.98716857
2.50435095,0.14388673,0.98736213
2.50568979,0.14251303,0.98755385
2.50702863,0.14112961,0.98774373
2.50836747,0.13973676,0.98793174
2.50970631,0.13833482,0.98811789
2.51104515,0.13692413,0.98830216
2.51238398,0.13550507,0.98848453
2.51372282,0.13407804,0.98866499
2.51506166,0.13264346,0.98884354
2.5164005,0.13120178,0.98902017
2.51773934,0.12975346,0.98919485
2.51907818,0.12829898,0.9893676
2.52041702,0.12683886,0.9895384
2.52175586,0.12537362,0.98970723
2.52309469,0.12390378,0.9898741
2.52443353,0.12242992,0.990039
2.52577237,0.12095258,0.99020193
2.52711121,0.11947235,0.99036288
2.52845005,0.11798983,0.99052184
2.52978889,0.1165056,0.99067881
2.53112773,0.11502028,0.9908338
2.53246657,0.11353448,0.9909868
2.53380541,0.11204882,0.99113781
2.53514424,0.11056394,0.99128683
2.53648308,0.10908044,0.99143387
2.53782192,0.10759897,0.99157891
2.53916076,0.10612016,0.99172198
2.5404996,0.10464463,0.99186307
2.54183844,0.10317301,0.99200219
2.54317728,0.10170593,0.99213934
2.54451612,0.10024401,0.99227453
2.54585495,0.09878786,0.99240776
2.54719379,0.09733809,0.99253905
2.54853263,0.0958953,0.9926684
2.54987147,0.09446008,0.99279583
2.55121031,0.09303302,0.99292134
2.55254915,0.09161468,0.99304495
2.55388799,0.09020561,0.99316666
2.55522683,0.08880638,0.99328649
2.55656567,0.0874175,0.99340446
2.5579045,0.0860395,0.99352057
2.55924334,0.08467287,0.99363485
2.56058218,0.08331811,0.99374731
2.56192102,0.08197568,0.99385796
2.56325986,0.08064603,0.99396682
2.5645987,0.07932959,0.99407391
2.56593754,0.07802679,0.99417924
2.56727638,0.07673801,0.99428284
2.56861522,0.07546362,0.99438473
2.56995405,0.07420399,0.99448492
2.57129289,0.07295945,0.99458343
2.57263173,0.07173031,0.99468029
2.57397057,0.07051686,0.99477551
2.57530941,0.06931937,0.99486911
2.57664825,0.0681381,0.99496113
2.57798709,0.06697327,0.99505157
2.57932593,0.06582509,0.99514047
2.58066476,0.06469374,0.99522784
2.5820036,0.06357938,0.99531371
2.58334244,0.06248215,0.99539809
2.58468128,0.06140218,0.99548102
2.58602012,0.06033956,0.99556251
2.58735896,0.05929437,0.9956426
2.5886978,0.05826667,0.99572129
2.59003664,0.05725648,0.99579862
2.59137548,0.05626383,0.99587462
2.59271431,0.05528871,0.99594929
2.59405315,0.05433108,0.99602267
2.59539199,0.05339092,0.99609478
2.59673083,0.05246816,0.99616564
2.59806967,0.05156271,0.99623528
2.59940851,0.05067448,0.99630372
2.60074735,0.04980336,0.99637098
2.60208619,0.0489492,0.99643708
2.60342503,0.04811187,0.99650205
2.60476386,0.04729119,0.99656592
2.6061027,0.046487,0.99662869
2.60744154,0.04569909,0.9966904
2.60878038,0.04492727,0.99675107
2.61011922,0.04417131,0.99681071
2.61145806,0.04343098,0.99686935
2.6127969,0.04270605,0.99692701
2.61413574,0.04199627,0.99698371
2.61547457,0.04130136,0.99703947
2.61681341,0.04062106,0.99709431
2.61815225,0.0399551,0.99714825
2.61949109,0.03930318,0.9972013
2.62082993,0.03866501,0.99725349
2.62216877,0.03804029,0.99730484
2.62350761,0.03742872,0.99735536
2.62484645,0.03682999,0.99740507
2.62618529,0.03624378,0.99745398
2.62752412,0.03566978,0.99750212
2.62886296,0.03510767,0.9975495
2.6302018,0.03455713,0.99759613
2.63154064,0.03401783,0.99764204
2.63287948,0.03348945,0.99768723
2.63421832,0.03297167,0.99773172
2.63555716,0.03246416,0.99777552
2.636896,0.03196661,0.99781865
2.63823483,0.0314787,0.99786112
2.63957367,0.0310001,0.99790294
2.64091251,0.03053051,0.99794413
2.64225135,0.03006962,0.9979847
2.64359019,0.02961711,0.99802465
2.64492903,0.02917269,0.99806401
2.64626787,0.02873606,0.99810277
2.64760671,0.02830693,0.99814096
2.64894555,0.02788501,0.99817857
2.65028438,0.02747002,0.99821563
2.65162322,0.02706169,0.99825213
2.65296206,0.02665974,0.99828809
2.6543009,0.02626393,0.99832352
2.65563974,0.025874,0.99835842
2.65697858,0.02548971,0.9983928
2.65831742,0.02511081,0.99842668
2.65965626,0.02473707,0.99846005
2.6609951,0.02436829,0.99849292
2.66233393,0.02400424,0.9985253
2.66367277,0.02364472,0.99855719
2.66501161,0.02328953,0.99858861
2.66635045,0.02293849,0.99861956
2.66768929,0.02259142,0.99865004
2.66902813,0.02224815,0.99868005
2.67036697,0.02190852,0.99870961
2.67170581,0.02157238,0.99873872
2.67304464,0.02123958,0.99876738
2.67438348,0.02090999,0.99879559
2.67572232,0.02058348,0.99882337
2.67706116,0.02025993,0.99885071
2.6784,0.01993924,0.99887762
